listing_id;built_area;used_area
279282;900;0
288099;1010;NULL
290250;900;NULL
330945;1200;1200
339263;1010;1010
279284;1070;0
284839;1050;NULL
300083;1070;NULL
316220;1017;1017
336977;1070;1070
290255;2000;0
294098;2000;NULL
296556;0;1500
292892;3203;0
296563;0;1600
916412;600;0
993574;600;600
279295;800;407
282732;800;0
288743;0;800
374351;0;1300
279299;960;480
279299;960;480
279299;960;480
283066;940;0
283066;940;0
283066;940;0
284867;960;NULL
284867;960;NULL
288074;940;NULL
288074;940;NULL
288074;940;NULL
288322;960;0
288322;960;0
288322;960;0
290313;940;0
290313;940;0
290313;940;0
296013;930;NULL
296013;930;NULL
296013;930;NULL
296608;930;930
296608;930;930
296608;930;930
297558;930;NULL
297558;930;NULL
300071;100;930
300071;100;930
300071;100;930
300176;930;NULL
300176;930;NULL
300176;930;NULL
302171;1001;750
302171;1001;750
302171;1001;750
315771;940;NULL
315771;940;NULL
330947;930;930
330947;930;930
355857;0;930
283126;1052;0
279304;727;554
284869;760;NULL
296618;0;720
339296;0;760
374564;0;772
379614;760;0
385071;554;0
301006;1000;NULL
327016;0;1000
330774;1000;1000
348066;0;0
358973;0;1000
360278;1000;0
414464;0;1000
374380;1176;0
374380;1176;0
298157;652;NULL
318085;652;0
279323;685;408
283099;685;0
288014;685;NULL
289264;0;680
290398;620;0
293523;524;425
293523;524;425
296724;0;525
308642;0;355
337007;680;680
348084;0;425
348084;0;425
359755;0;685
374576;0;685
384806;680;0
389741;0;525
546032;0;524
282773;1094;0
282773;1094;0
328267;1144;0
279326;980;980
284900;900;NULL
288011;900;NULL
292384;1035;900
328123;980;0
348077;0;900
279327;760;585
279327;760;585
279327;760;585
284905;585;NULL
285849;585;0
285849;585;0
290406;585;0
290406;585;0
290406;585;0
290406;585;0
290406;585;0
294181;760;NULL
294181;760;NULL
296734;760;760
296734;760;760
296734;760;760
317080;585;507
317080;585;507
326827;760;585
326827;760;585
326827;760;585
326827;760;585
328531;585;0
328531;585;0
328531;585;0
329510;585;0
329510;585;0
329510;585;0
329510;585;0
329510;585;0
330952;0;760
331583;1285;1285
383514;0;585
383514;0;585
389770;0;585
389770;0;585
406417;0;585
279332;1000;910
290425;512;0
293904;750;750
296767;0;750
301804;750;750
350789;0;750
279335;634;437
300389;437;NULL
316143;695;0
296123;1037;NULL
296123;1037;NULL
296123;1037;NULL
363084;0;1643
279344;1111;804
282980;804;NULL
284949;804;NULL
285853;804;NULL
288605;804;0
289588;804;NULL
290448;802;0
292446;804;435
300194;700;700
287947;850;NULL
281655;650;0
296881;0;650
296881;0;650
279354;900;835
279354;900;835
292959;900;600
296929;900;900
298731;900;NULL
318121;900;NULL
339816;900;0
339816;900;0
348101;0;600
348101;0;600
387202;900;0
443074;900;0
443074;900;0
479240;900;0
479252;0;900
479252;0;900
279359;1026;940
282939;1200;0
296949;0;940
374597;0;1000
384782;1026;0
279361;800;800
279361;800;800
282656;721;0
288096;800;NULL
288096;800;NULL
299373;1200;NULL
316144;721;0
318101;1200;0
279362;730;500
279362;730;500
279362;730;500
279362;730;500
285858;750;NULL
289898;722;NULL
296961;0;750
296961;0;750
316563;750;0
316563;750;0
316563;750;0
316563;750;0
339294;0;722
279363;800;650
285860;818;NULL
287942;818;NULL
287942;818;NULL
290494;818;0
279366;645;645
282525;650;0
284967;650;NULL
284967;650;NULL
284967;650;NULL
296553;0;650
279373;1250;1250
340248;450;450
279380;627;380
283746;570;0
290576;570;340
296011;570;0
316084;400;NULL
316372;570;NULL
375977;0;570
375977;0;570
406419;0;500
406419;0;500
285859;450;0
301905;490;0
301988;490;0
288075;660;NULL
316579;600;0
293642;1037;750
348128;0;750
296614;0;750
279394;546;546
279394;546;546
282619;545;0
284986;600;NULL
288073;545;NULL
288073;545;NULL
293597;545;545
293597;545;545
293597;545;545
293597;545;545
296600;600;600
296600;600;600
296600;600;600
296611;480;480
296611;480;480
342889;711;711
279401;650;650
293974;495;0
296621;0;650
302316;702;604
348127;0;0
285011;650;NULL
288070;600;NULL
288791;0;480
290532;480;0
317485;650;0
279410;519;460
285029;675;NULL
288901;0;460
293623;675;460
336922;465;465
348134;0;460
279416;300;250
301755;300;250
328388;341;0
347169;0;300
279421;680;532
283723;532;0
285889;680;0
290545;660;0
292648;681;401
294213;680;NULL
300962;532;NULL
300962;532;NULL
300962;532;NULL
307968;680;680
339284;0;680
342896;680;680
348142;0;400.86
378125;660;0
389797;0;537
397892;660;0
405972;0;660
452468;660;0
659243;660;0
279425;602;513
298432;602;NULL
318170;602;NULL
279429;730;730
296654;0;800
384775;817;0
283474;700;0
294217;866;NULL
299831;447;0
301842;677;522
302083;677;522
279432;370;0
279435;2000;2000
293030;2000;0
293030;2000;0
328198;600;0
328198;600;0
354735;2000;0
354735;2000;0
354735;2000;0
354735;2000;0
354751;2000;0
354751;2000;0
354751;2000;0
354751;2000;0
358975;0;800
378323;0;1800
279436;600;0
285017;500;NULL
299283;0;NULL
314388;0;NULL
318139;0;0
342899;600;600
279438;700;400
279438;700;400
299798;503;NULL
299798;503;NULL
318179;503;0
318179;503;0
412071;503;0
279444;600;600
285778;600;NULL
285778;600;NULL
285778;600;NULL
301052;600;0
358990;0;600
409847;600;0
414583;550;0
323621;0;0
279450;445;410
283447;445;0
290256;484;0
290256;484;0
290256;484;0
304536;0;410
342935;484;484
342935;484;484
279451;434;434
279451;434;434
301138;363;NULL
301138;363;NULL
301138;363;NULL
279462;720;472
385323;880;0
279466;386;347
279466;386;347
279466;386;347
290282;340;0
290282;340;0
292788;434;390
292788;434;390
327726;0;347
327726;0;347
327726;0;347
327726;0;347
328309;0;0
340617;425;0
340617;425;0
340618;425;0
340618;425;0
343856;390;0
343856;390;0
348182;0;390
359782;0;434
279467;677;677
279467;677;677
287945;922;NULL
297623;922;NULL
318222;922;0
329489;922;0
332755;677;0
389813;0;922
279468;513;513
282922;402;0
285076;402;NULL
285908;402;0
287970;402;NULL
288372;0;512
290273;400;0
293546;737;512
294364;592;NULL
296762;0;512
302210;751;512
304637;512;0
304667;513;NULL
308513;0;512
323617;402;0
330875;0;737
332760;751;512
336824;512;512
339257;0;512
340239;400;400
342908;512;512
348180;0;512
374642;0;592
384011;0;512
384764;512;0
388252;0;512
389818;0;512
411491;512;0
411523;512;0
528305;0;512
1021083;0;512
287998;450;NULL
308794;0;550
279473;534;384
292523;384;384
296785;0;534
348181;0;384
389815;0;512
279475;590;590
290260;568;0
328033;0;490
340102;290;290
279477;782;678
283514;769;0
285089;800;NULL
293929;782;678
388255;0;769
279480;650;650
282083;750;0
296793;0;750
279484;885;885
316036;885;0
341976;885;885
358482;0;885
782492;0;885
389829;0;380
298878;650;NULL
318223;650;0
285057;4717;NULL
302893;3000;0
384130;0;3140
388472;3000;0
279501;600;600
287914;600;NULL
289066;0;600
296851;0;766
279515;550;550
279515;550;550
299204;550;NULL
316490;550;0
318279;550;0
375683;550;0
283156;450;0
283156;450;0
285927;450;0
292956;450;0
292956;450;0
279526;468;353
279527;580;580
279530;398;0
279530;398;0
285129;251;NULL
326306;330;0
326306;330;0
326619;251;0
326619;251;0
340122;0;0
340122;0;0
375685;330;0
389454;330;0
299003;500;NULL
316519;500;NULL
318211;500;0
326295;450;NULL
336985;351;351
397773;340;0
279533;400;400
289176;0;400
305086;0;NULL
279535;1246;1246
301870;1100;900
326506;1476;0
398555;0;1400
279544;319;178
285016;319;NULL
379814;319;0
279545;604;550
296582;0;550
374649;0;450
279546;787;787
282769;750;0
289333;0;821
289333;0;821
296794;0;850
299462;830;NULL
302593;700;0
316590;830;0
316842;0;830
316842;0;830
318371;830;0
323599;830;0
336413;850;850
336912;830;830
340143;830;830
342958;830;830
363125;0;830
366850;830;0
379764;830;0
384718;821;0
397648;830;800
285012;610;NULL
296087;600;NULL
296792;0;1200
388980;610;0
296224;NULL;NULL
296224;NULL;NULL
296224;NULL;NULL
344085;350;350
283446;495;0
279559;445;445
288833;600;0
344088;847;847
279560;560;560
279560;560;560
282630;560;0
282630;560;0
284916;565;NULL
284916;565;NULL
289356;0;500
289356;0;500
302205;601;500
305122;0;NULL
308611;550;550
317122;0;520
317122;0;520
342923;601;601
342923;601;601
347661;500;0
361492;0;426
361566;0;426
379711;565;0
379711;565;0
533536;0;550
279565;618;416
279567;950;950
282200;830;0
287876;900;NULL
287876;900;NULL
296627;0;920
279569;521;427
282148;620;0
289572;0;520
289572;0;520
302781;520;0
383494;0;600
279578;1044;1044
296739;0;1044
279584;398;398
279586;635;635
279586;635;635
279586;635;635
282317;665;0
296916;0;650
296916;0;650
302808;635;0
323597;650;0
323597;650;0
332824;665;360
336637;650;650
360474;0;655
374329;0;635
374329;0;635
384714;655;0
379719;0;282
379719;0;282
398298;282;0
655404;280;0
279590;308;263
293479;307;263
348173;0;263
348173;0;263
279591;475;320
283557;476;0
296910;0;475
279593;528;528
282831;560;0
284987;340;NULL
288010;430;NULL
288249;443;443
294207;380;0
296869;0;579
301351;380;380
311284;350;NULL
332827;579;450
337021;550;550
344086;579;579
348286;0;380
290346;650;0
279606;1175;1175
288819;0;842
296175;302;NULL
282452;380;0
288004;486;NULL
290422;450;0
296720;0;360
383592;0;362
384737;510;0
287856;534;NULL
382973;0;0
279614;648;648
282891;647;0
284934;600;NULL
287840;647;NULL
288732;600;0
301857;680;580
308558;450;450
327383;647;0
279620;410;357
409637;410;0
279624;471;349
279624;471;349
279625;750;0
296207;1000;NULL
316485;1000;0
279629;408;285
288039;402;NULL
293243;793;392
301959;560;380
316518;400;NULL
332792;400;400
337088;408;408
356628;0;402
361488;0;402
363638;701;700
363638;701;700
299417;765;NULL
318271;765;0
296284;423;NULL
316941;585;NULL
316941;585;NULL
337108;350;350
284938;560;NULL
306939;850;0
379726;560;0
279665;500;500
296705;0;500
296705;0;500
279667;480;420
279667;480;420
335058;490;0
358510;0;490
376190;420;0
379822;490;0
383448;0;485
383655;0;648
389904;0;500
294393;850;NULL
297038;0;600
375149;0;300
375149;0;300
375149;0;300
279681;600;350
296225;410;NULL
296653;0;619
279687;776;776
279687;776;776
279687;776;776
294184;776;NULL
348403;0;650
387756;776;0
279690;550;550
363133;0;650
279695;370;370
279695;370;370
285177;350;NULL
293735;350;0
299346;370;NULL
305030;0;NULL
305030;0;NULL
318637;370;0
323528;370;0
332957;350;300
332959;600;370
337159;370;370
337159;370;370
337159;370;370
343105;386;386
348554;0;0
379987;350;0
279699;420;420
279699;420;420
288692;0;420
288692;0;420
306990;425;0
306990;425;0
332977;750;420
355594;601;0
398635;469;434
493766;0;455
279701;412;352
281804;2402;NULL
293661;240;240
293661;240;240
294123;240;NULL
348400;0;240
348400;0;240
388274;0;350
293163;370;320
298962;358;NULL
318629;358;NULL
348561;0;320
356781;358;0
293846;680;380
342965;483;483
361682;648;514
289015;0;300
302583;450;300
305169;0;NULL
305169;0;NULL
323519;300;0
323519;300;0
405796;0;300
363144;0;522
279723;0;249
279731;300;250
279731;300;250
283525;300;0
283525;300;0
285069;300;NULL
285069;300;NULL
285069;300;NULL
285069;300;NULL
329614;235;0
329614;235;0
279734;290;NULL
279741;397;300
299262;397;NULL
318516;397;0
327963;340;NULL
327963;340;NULL
356752;0;0
530499;0;428
873893;0;400
294565;335;NULL
279749;490;490
288307;0;432
294999;482;NULL
341923;482;482
782605;0;482
279752;680;380
279752;680;380
363146;0;300
279754;200;200
279754;200;200
285090;200;NULL
285090;200;NULL
285090;200;NULL
287707;200;NULL
287707;200;NULL
288383;240;240
288383;240;240
293636;240;195
293636;240;195
294550;150;NULL
294550;150;NULL
302342;220;190
302342;220;190
330198;200;200
330263;200;0
330271;200;0
336768;300;300
339349;0;200
342996;319;319
342996;319;319
279756;542;356
298821;350;NULL
318471;350;0
287753;500;NULL
363150;0;468
279763;368;0
279763;368;0
282496;340;0
297000;0;370
302759;366;336
304608;336;NULL
279765;261;261
363222;0;222
279767;453;375
279768;303;258
279770;552;398
312253;552;NULL
749919;0;400
749919;0;400
279779;186.48;0
279779;186.48;0
279779;186.48;0
340160;0;0
361313;0;188
361313;0;188
361313;0;188
375672;188;0
389465;0;0
389971;0;480
279803;310;310
286023;410;0
286023;410;0
279804;300;300
285184;360;NULL
286020;400;0
286020;400;0
287720;250;NULL
294189;360;NULL
302621;360;0
304866;250;0
308360;0;350
343057;290;290
287704;270;NULL
344099;250;250
300966;450;NULL
300966;450;NULL
300966;450;NULL
300966;450;NULL
384172;0;700
389445;0;0
538696;412;0
279813;445;445
282361;650;0
283566;445;0
287719;445;NULL
293872;650;445
296870;650;650
298804;300;NULL
302908;650;460
316664;260;0
318579;300;NULL
323541;650;0
279816;420;420
287632;350;NULL
302750;524;324
299604;374;NULL
318551;374;0
279824;401;305
289812;0;250
289812;0;250
296371;305;NULL
296371;305;NULL
303035;244;0
303035;244;0
317339;401;305
341921;296;296
279838;284;202
282986;280;0
296092;202;NULL
301950;380;280
304763;280;0
279843;600;600
279847;500;500
303407;600;NULL
279849;492;0
282328;426;0
279862;508;508
279862;508;508
279862;508;508
289208;0;508
329199;508;0
379836;508;0
390660;0;390
300087;0;700
300087;0;700
323546;700;0
279865;500;383
289560;0;480
289560;0;480
296732;0;751
296732;0;751
336216;828;0
279869;300;235
336049;228;0
370575;410;0
370575;410;0
378419;0;550
296769;0;500
382327;575;0
279877;356;0
358535;0;310
282013;456;0
288702;0;456
347656;400;0
347656;400;0
285998;485;NULL
287815;369;NULL
279898;354;283
361499;0;354
287822;420;NULL
279904;220;220
282427;230;0
282427;230;0
282427;230;0
282427;230;0
288790;0;220
288790;0;220
288790;0;220
290334;230;0
290334;230;0
297064;0;220
297064;0;220
302209;0;202
305190;0;NULL
332906;250;0
332906;250;0
336966;220;220
336966;220;220
343030;220;220
279907;450;450
286040;500;0
287794;450;NULL
312270;580;480
329374;513;0
389961;0;450
279912;400;0
279912;400;0
287889;337;NULL
287889;337;NULL
334992;400;0
334992;400;0
279918;470;400
358518;0;400
279923;365;365
329685;301;0
329685;301;0
287682;401;NULL
286044;475;0
300158;475;475
330516;475;0
330516;475;0
330520;475;0
330520;475;0
279956;475;475
279962;430;430
294861;538;NULL
298999;400;NULL
318734;400;0
279967;550;550
294592;520;NULL
363165;0;550
363165;0;550
367039;500;0
279973;275;0
299741;320;NULL
318626;320;0
285139;360;NULL
285975;375;0
287854;380;NULL
279986;296;249
289711;0;NULL
296238;248;NULL
296819;250;250
279988;350;0
279994;350;350
279994;350;350
282972;260;0
282972;260;0
293631;309;244
362177;400;400
362177;400;400
294129;700;NULL
363140;0;700
280015;700;700
327696;650;NULL
287709;354;NULL
293847;450;275
348635;0;275
390557;450;0
289462;0;436
288155;484;0
294404;350;NULL
280037;282;282
316381;282;282
317319;272;0
280048;461;461
372861;0;0
280050;280;280
280051;436;436
294938;310;NULL
300352;250;250
300352;250;250
343060;484;484
384679;300;0
530055;436;436
287597;640;NULL
298549;700;NULL
320040;700;0
294892;470;NULL
340558;502;502
355934;0;1416
287648;240;NULL
1016410;240;0
280070;434;434
280070;434;434
280070;434;434
282124;434;0
282124;434;0
282124;434;0
285168;370;NULL
285168;370;NULL
285168;370;NULL
285168;370;NULL
285985;460;0
285985;460;0
285985;460;0
287824;434;NULL
287824;434;NULL
287824;434;NULL
288906;0;367
288906;0;367
288906;0;367
290248;434;0
290248;434;0
293933;434;370
293933;434;370
293933;434;370
294914;367;NULL
294914;367;NULL
294914;367;NULL
296912;0;434
296912;0;434
296912;0;434
302058;404;438
302058;404;438
302058;404;438
306408;0;NULL
306408;0;NULL
308749;434;434
329849;367;0
329849;367;0
329849;367;0
329849;367;0
329869;367;0
329869;367;0
332884;500;416
332884;500;416
336923;380;380
336923;380;380
336923;380;380
339252;0;435
339252;0;435
339252;0;435
340155;367;367
340155;367;367
343015;435;435
343015;435;435
348380;0;370
355930;0;434
379847;370;0
389932;0;367
389932;0;367
530474;370;0
1001217;434;0
280079;510;510
280081;607;607
285244;350;NULL
293977;350;0
295083;580;NULL
280083;700;700
280083;700;700
300464;0;580
300464;0;580
307896;0;700
307896;0;700
314874;700;0
316750;546;0
316750;546;0
316929;700;NULL
316929;700;NULL
339359;0;800
339359;0;800
280085;342;0
323457;248;0
294194;340;NULL
280096;428.81;0
315854;428;NULL
315854;428;NULL
315854;428;NULL
280103;350;300
287457;330;NULL
288253;350;350
301472;350;0
282360;400;0
285257;320;NULL
280133;504;504
294816;220;NULL
280138;385;385
280147;250;250
280157;250;250
288806;210;0
287698;430;NULL
294509;502;NULL
280166;333;333
320147;500;0
332168;434;0
280178;318;318
363587;180;0
280190;250;250
285278;472;NULL
293044;472;472
297634;330;NULL
297634;330;NULL
320063;330;0
320063;330;0
336936;331;331
280203;500;320
285300;535;NULL
285300;535;NULL
285300;535;NULL
288141;0;312
294608;450;NULL
302895;455;0
287604;607;NULL
782922;0;825
280211;330;330
294872;330;NULL
280218;300;252
363193;0;258
280227;270;270
287564;270;NULL
287564;270;NULL
353599;0;270
358271;0;270
987663;0;324
298893;150;NULL
318801;150;0
302248;410;330
280275;390;390
280281;600;0
280281;600;0
292984;600;0
292984;600;0
348671;0;0
348671;0;0
1047837;250;0
343158;190;190
294018;550;400
280361;1270;680
283799;227;0
283799;227;0
287483;182;NULL
288209;0;308
289756;227;182
292366;136;136
292369;150;125
294951;550;NULL
297076;0;135
297076;0;135
317603;135;NULL
334985;160;0
334985;160;0
340080;135;135
341822;280;280
286260;750;0
293728;300;300
298413;300;NULL
298413;300;NULL
298413;300;NULL
318869;300;0
318869;300;0
281565;850;850
288088;1000;NULL
288088;1000;NULL
288088;1000;NULL
281571;214;214
281573;696;696
288139;696;NULL
288139;696;NULL
293651;697;600
293651;697;600
294163;696;NULL
332701;680;0
348103;0;600
302354;2155;0
302451;2155;0
281578;1450;1450
281578;1450;1450
288038;1700;NULL
288038;1700;NULL
288038;1700;NULL
281582;2496;0
288052;2496;NULL
296543;0;3245
355844;0;2496
290395;950;0
363135;0;450
281593;590;0
287895;0;NULL
301957;1100;800
293298;1650;0
345782;2400;1400
345782;2400;1400
348082;0;0
365205;1100;0
357473;1500;0
279442;1260;1260
288466;0;0
306961;1234;0
281899;1030;0
374526;1000;0
296339;244;NULL
308406;0;450
282035;930;0
288063;964;NULL
296626;0;715
379897;340;0
379897;340;0
379897;340;0
279796;900;0
282061;908;0
287742;908;NULL
296766;0;900
375678;900;0
382913;0;0
389513;0;0
279502;1800;1800
282079;1500;0
282079;1500;0
279903;400;400
279903;400;400
279903;400;400
282106;398;0
282106;398;0
282106;398;0
287891;400;NULL
287891;400;NULL
287891;400;NULL
292593;429;325
296796;0;400
296796;0;400
296796;0;400
348456;0;325
282155;171;0
282280;486;0
284999;486;NULL
296658;0;630
389880;0;486
289215;355;355
282321;700;0
323329;700;0
282364;330;0
302741;330;0
282401;423;0
285024;602;NULL
285024;602;NULL
288918;0;603
288918;0;603
290466;602;0
294001;603;0
302822;850;0
330680;424;424
345498;602;0
345508;602;0
348445;0;0
359805;0;720
378379;0;600
384692;423;0
788420;603;0
279952;630;630
296729;0;750
296729;0;750
302305;612;612
323553;630;0
373054;630;0
279328;1000;1000
279328;1000;1000
279328;1000;1000
279328;1000;1000
282471;1296;NULL
287959;1296;NULL
287959;1296;NULL
370155;1296;0
370155;1296;0
370155;1296;0
814431;1000;0
814431;1000;0
293542;442;331
302346;442;331
331011;0;520
375014;3000;0
375047;3000;0
292671;997;0
282706;280;0
281572;1268;1068
281572;1268;1068
282730;1316;0
290420;1316;0
330161;1316;0
330161;1316;0
330448;1090;0
330451;1090;0
336260;1316;0
352765;0;1361
352765;0;1361
384804;1316;0
282780;400;0
282780;400;0
282780;400;0
297015;605;605
300893;320;320
316875;650;0
356412;0;800
376135;0;800
378746;605;0
279504;750;680
282788;450;0
290312;450;0
304888;450;0
282790;330;0
282895;350;0
282895;350;0
282895;350;0
301944;0;320
301944;0;320
378475;0;350
378475;0;350
282903;183;0
285112;800;NULL
326636;777;NULL
329336;800;0
377374;800;0
282954;928;0
288323;0;928
283000;325;NULL
283006;454;0
285952;454;NULL
290505;440;0
294576;450;NULL
342981;454;454
378515;0;440
279735;229;229
283043;229;0
288554;0;213.47
294265;229;NULL
332963;230;230
1042497;0;213
283058;624;0
293188;300;210
292784;222;206
296807;300;300
329241;206;0
296625;650;650
290373;823;NULL
302225;1145;823
302225;1145;823
283141;723;0
296630;0;720
283143;500;0
283146;460;0
283146;460;0
287839;354;NULL
287839;354;NULL
288891;0;500
288891;0;500
288891;0;500
293552;431;354
296969;431;431
300628;460;NULL
318409;460;NULL
327714;431;354
327714;431;354
327714;431;354
355929;0;460
384709;380;0
279286;NULL;NULL
283162;2847;0
285829;2847;0
316953;2847;0
388501;3000;0
283175;268;0
283503;286;0
283503;286;0
283503;286;0
283503;286;0
308761;0;450
308976;0;380
308976;0;380
384683;375;0
283670;224;224
297709;180;NULL
320139;180;0
328292;0;0
336872;220;220
384597;292;0
296008;522;348
323572;430;0
379866;430;0
283702;406;406
286025;465;0
326215;535;535
348433;0;535
283756;525;525
283756;525;525
288168;0;525
288168;0;525
283770;306;0
298820;348;NULL
318660;348;NULL
356702;0;330
388338;0;350
388338;0;350
280005;280;180
281771;220;0
283571;220;0
285141;260;NULL
337110;220;220
281969;308;0
281969;308;0
287679;410;NULL
287679;410;NULL
296911;0;500
296911;0;500
302598;310;0
323535;500;0
323535;500;0
329517;420;420
384648;410;0
296768;490;490
317455;320;320
336931;270;270
343076;278;278
1002966;240;0
279639;376;270
294288;1580;NULL
298851;567;NULL
318362;567;0
288752;260;0
304662;260;NULL
304662;260;NULL
492937;0;0
492937;0;0
282152;620;0
282244;400;0
296986;0;370
308473;0;0
311302;368;NULL
333014;400;340
289190;0;500
294182;380;NULL
294182;380;NULL
294182;380;NULL
308931;0;450
333023;550;0
280040;450;450
282395;420;0
282395;420;0
288216;0;420
288216;0;420
289586;300;NULL
289586;300;NULL
289586;300;NULL
289846;450;NULL
296873;0;420
296873;0;420
297461;350;NULL
297461;350;NULL
301054;420;0
331001;0;0
340083;400;400
396870;430;430
282457;261;0
282548;391;0
289107;336;336
299009;336;NULL
318658;336;0
343027;336;336
302968;396;0
332289;450;0
332908;770;450
282704;350;0
296264;324;NULL
328679;409;409
282808;300;NULL
282808;300;NULL
282808;300;NULL
282808;300;NULL
738721;262;0
738721;262;0
282837;508;0
359777;0;569
293167;693;500
293167;693;500
306302;632;0
329516;632;512
337118;632;632
337118;632;632
344358;0;512
348245;0;500
348245;0;500
348245;0;500
283008;420;0
302676;558;358
302676;558;358
317439;500;500
317439;500;500
317439;500;500
283015;286;0
300106;286;0
300979;280;NULL
340205;285;285
283794;700;0
290503;600;0
326166;700;NULL
328538;0;600
355866;0;600
283678;365;252
283678;365;252
287455;435;NULL
293170;435;306
333047;430;307
348768;0;306
348768;0;306
283080;498;0
283080;498;0
283080;498;0
292695;600;499
292695;600;499
301182;0;500
301182;0;500
285073;390;NULL
282639;550;0
290234;411;0
296864;0;550
360004;550;550
300990;360;NULL
330950;0;400
308249;0;300
283619;242;0
290376;350;0
307011;350;0
316203;0;300
334973;408;0
1126450;0;350
281617;990;0
281617;990;0
281617;990;0
281617;990;0
282880;990;0
282880;990;0
296131;990;NULL
296581;0;1300
296581;0;1300
361923;990;0
361923;990;0
316637;420;NULL
296572;0;2500
288000;1200;NULL
359758;0;1200
285865;870;0
279411;1130;1130
282759;1131;0
288057;1131;NULL
288564;1228.71;0
294190;1228;NULL
302353;1130;1000
337168;1000;1000
282975;500;0
337089;460;460
294582;780;NULL
304576;529;0
302721;193;0
304884;0;NULL
308805;300;300
323353;480;0
335202;450;0
335202;450;0
286079;230;0
333032;482;0
289576;700;0
327740;700;0
327794;585;0
327794;585;0
328027;700;NULL
328235;700;700
328235;700;700
329558;700;0
329558;700;0
329558;700;0
296569;450;450
286024;500;0
293431;602;537
285968;350;0
285968;350;0
287908;450;NULL
294674;450;0
302176;430;330
302176;430;330
302176;430;330
327693;392;314
327693;392;314
328229;400;0
328229;400;0
331582;350;400
339728;390;0
348418;0;400
538698;0;315
286174;655;0
294459;655;NULL
298984;655;NULL
302279;655;485
304370;475;NULL
308653;0;280
318667;655;0
336799;280;280
336799;280;280
287487;336;NULL
287548;700;NULL
287548;700;NULL
327566;700;NULL
327566;700;NULL
327593;294;0
327593;294;0
352807;0;700
352807;0;700
353697;0;700
370577;500;0
372155;0;0
372192;300;0
405606;0;500
406972;294;258.72
285039;450;NULL
304445;0;NULL
390662;0;450
285294;400;NULL
287551;450;NULL
381286;0;500
343065;700;700
292548;450;445
287672;700;NULL
369258;300;220
380196;170;0
383421;0;250
383421;0;250
287696;450;NULL
287731;345;NULL
375363;345;250
375363;345;250
375369;0;250
375369;0;250
287738;420;NULL
287773;830;NULL
293902;350;300
302772;500;0
305244;0;NULL
305244;0;NULL
337144;378;378
348444;0;300
359018;0;485
287851;370;NULL
292857;500;450
292857;500;450
348228;0;450
348228;0;450
279943;780;350
287857;715;NULL
288877;0;730
359806;0;700
342901;738;738
363108;0;700
363108;0;700
293810;1340;0
293810;1340;0
289590;264;NULL
289590;264;NULL
327601;260;0
376129;0;0
376129;0;0
288031;700;NULL
288031;700;NULL
302529;650;0
302529;650;0
356602;0;650
287922;400;NULL
288016;450;NULL
296680;0;400
383411;0;450
335623;702;702
360568;570;0
360568;570;0
360579;570;0
360579;570;0
293226;539;486
287762;600;NULL
340231;600;600
287774;533;NULL
287664;400;NULL
299121;450;NULL
318461;450;0
382541;450;0
288226;0;309
288226;0;309
288226;0;309
288226;0;309
340243;240;240
340243;240;240
340243;240;240
287542;350;NULL
294682;672;NULL
294630;249;NULL
294630;249;NULL
336483;249;249
287562;337;NULL
289884;350;0
290464;350;0
294330;350;NULL
300873;338;280
301588;350;350
328545;350;350
333051;350;250
336633;337;337
339902;337;0
339953;343;343
340245;0;0
343197;343;343
333081;380;0
287420;346;NULL
288317;550;0
379911;550;0
288376;345;345
288376;345;345
288734;0;320
288734;0;320
355589;320;0
287787;600;NULL
289091;0;830
297526;830;NULL
297526;830;NULL
297526;830;NULL
301330;830;830
301330;830;830
318510;830;0
318510;830;0
318510;830;0
341929;700;700
341929;700;700
375909;671;0
375909;671;0
382852;942;0
382852;942;0
384677;830;0
782169;0;942
782169;0;942
289343;0;420
293366;470;470
358484;0;459
358484;0;459
358484;0;459
282018;497;0
282018;497;0
289819;330;330
296885;0;497
296885;0;497
299167;537;NULL
299167;537;NULL
301580;477;477
301580;477;477
303073;370;NULL
303073;370;NULL
303090;327;0
303090;327;0
318586;537;0
343078;537;537
343078;537;537
356527;0;320
356527;0;320
279799;208;208
282047;201;0
293658;250;208
294341;250;NULL
286177;300;0
289399;0;380
281983;310;0
281983;310;0
296947;0;310
304949;300;0
289072;274;274
383593;0;400
289017;0;383
317053;343;0
317053;343;0
332954;345;345
336924;343;343
356690;0;345
289260;0;406
290265;427;0
300874;513;513
300874;513;513
301096;427;427
304512;427;0
282682;460;0
287554;400;NULL
288864;0;400
300720;0;480
288985;0;560
358526;0;495
411386;0;0
288258;0;285
332912;299;299
336774;285;285
336774;285;285
296305;300;NULL
285153;330;NULL
285136;400;NULL
288802;0;350
294658;400;NULL
302718;350;0
308988;0;400
332873;350;350
341943;330;330
409516;356;318
716149;400;0
305056;0;NULL
308655;211;211
283110;600;0
283110;600;0
283110;600;0
283110;600;0
283110;600;0
284846;980;NULL
284846;980;NULL
284846;980;NULL
284846;980;NULL
284846;980;NULL
284846;980;NULL
288087;970;NULL
288087;970;NULL
288087;970;NULL
288087;970;NULL
288348;0;945
288348;0;945
288348;0;945
288348;0;945
294074;960;0
294074;960;0
294074;960;0
296315;600;NULL
296315;600;NULL
296315;600;NULL
296566;0;960
296566;0;960
296566;0;960
297553;960;NULL
297553;960;NULL
300052;960;960
300052;960;960
300052;960;960
300405;960;NULL
300405;960;NULL
300405;960;NULL
301838;1185;912
301838;1185;912
301838;1185;912
301838;1185;912
301838;1185;912
302169;1185;912
302169;1185;912
302169;1185;912
302169;1185;912
318047;960;0
318047;960;0
328341;600;0
328341;600;0
328341;600;0
328341;600;0
330806;0;960
330806;0;960
330806;0;960
342743;960;960
355855;0;960
379621;980;0
384811;960;0
405709;0;960
284908;500;NULL
284908;500;NULL
284908;500;NULL
380148;400;0
285050;550;NULL
285050;550;NULL
285050;550;NULL
286072;700;0
285145;320;NULL
287667;484;NULL
317888;800;484
343135;950;950
285248;180;NULL
289487;0;195
299790;199;NULL
301443;374;NULL
301443;374;NULL
358563;0;190
380094;200;0
289847;450;NULL
289847;450;NULL
296743;0;750
303072;650;0
340170;750;750
355858;0;750
284850;900;NULL
388219;0;850
294188;853;0
285022;400;NULL
285026;684;NULL
285059;585;NULL
285094;375;NULL
380085;415;0
284998;320;NULL
285357;279;NULL
285195;458;NULL
327756;395;0
290386;1000;0
316708;1000;700
281833;422;NULL
281833;422;NULL
345505;450;0
345505;450;0
356686;0;684
356686;0;684
356686;0;684
358173;0;380
358173;0;380
358225;380;380
358225;380;380
407785;523;423
407785;523;423
333040;600;500
290449;700;NULL
285308;300;NULL
285308;300;NULL
308532;300;300
344102;310;310
361269;50;0
384625;300;0
296650;0;500
290243;3000;0
290293;425;0
283703;315;0
300407;315;NULL
301287;350;350
343221;150;150
299642;410;NULL
320082;410;NULL
287957;3000;NULL
292425;3800;1200
292425;3800;1200
292425;3800;1200
379613;0;1800
388463;0;0
284992;830;NULL
294160;830;NULL
296607;0;830
383460;0;1320
289650;600;0
289650;600;0
289666;279;279
289666;279;279
294424;250;NULL
289676;857;0
328124;900;0
289759;410;370
289759;410;370
382943;0;400
289761;216;163
289870;605;470
289870;605;470
326221;605;NULL
342918;500;500
378875;605;0
290555;584;413
301348;413;NULL
301354;413;413
301485;584;0
301642;413;NULL
303056;413;0
304532;584;NULL
306372;584;NULL
312176;584;NULL
317863;584;0
317930;584;584
289686;550;400
297001;552;552
286142;441;0
289665;271;271
289665;271;271
292716;430;250
292716;430;250
297792;0;NULL
297792;0;NULL
297792;0;NULL
297792;0;NULL
320229;0;0
320229;0;0
320229;0;0
320229;0;0
348995;0;250
348995;0;250
287651;300;NULL
375667;245;0
376132;0;245
389500;0;0
288082;1081;NULL
355849;0;3430
355849;0;3430
361086;0;1081
361086;0;1081
361086;0;1081
361086;0;1081
280047;600;600
288380;0;452
328540;0;650
289752;495;425
389778;0;425
292534;500;500
308858;0;520
486644;0;0
738897;0;500
279415;1100;700
298168;779;NULL
300406;1100;NULL
292628;574;0
378370;0;680
286083;299;0
292782;527;265
292867;570;488
292867;570;488
348303;0;488
348303;0;488
361259;570;0
290236;410;0
297181;250;250
298178;745;NULL
302025;830;745
318195;745;0
279367;750;620
279642;536;536
293016;531;0
297503;531;NULL
318356;531;NULL
332846;531;0
293134;263;263
293134;263;263
299147;325;NULL
320050;325;NULL
348786;0;263
293150;400;300
348451;0;300
342854;1000;1000
293228;800;800
348096;0;800
293278;400;0
294713;400;NULL
297613;400;NULL
318708;400;0
294557;680;NULL
293622;888;695
342727;888;888
342727;888;888
390477;222;0
311297;0;NULL
285800;360;NULL
292748;350;240
327199;315;315
380259;360;0
292796;350;279
293075;464;0
293075;464;0
300547;462;462
300547;462;462
298899;410;NULL
302909;400;300
320033;410;0
299482;350;NULL
318507;350;0
341974;853;853
782496;0;853
1057065;853;0
293315;357;295
287897;590;NULL
295517;270;NULL
293616;613;487
301051;500;0
379740;420;0
379740;420;0
379740;420;0
290366;485;0
293899;350;290
302774;485;0
305218;0;NULL
307001;350;0
348487;0;290
380204;485;0
343146;311;311
293978;1115;0
379874;518;0
294171;0;0
380872;0;3056
387430;3056;2790
294195;500;NULL
380217;470;0
294237;875;NULL
288971;0;350
294241;738;NULL
301407;738;294
348667;0;294
378076;400;0
388384;549;0
294292;400;NULL
311438;317;NULL
323463;320;0
293297;553;0
293297;553;0
294321;553;NULL
294321;553;NULL
297890;553;NULL
297890;553;NULL
318650;553;0
318650;553;0
343120;930;930
343120;930;930
351499;0;0
351499;0;0
405187;0;550
380336;800;0
306494;750;550
308287;0;550
348342;0;550
294370;625;NULL
912206;0;450
294503;397;NULL
366353;0;273
288460;800;800
294711;800;0
294711;800;0
288528;500;0
294731;580;NULL
339268;0;430
749001;430;0
294896;165;NULL
292361;390;290
348764;0;290
287610;487;NULL
295352;487;NULL
331425;478;437
348970;0;437
385201;440;0
412032;440;0
287757;400;NULL
294161;390;NULL
358524;0;430
301941;480;380
294228;400;NULL
383748;0;278
384664;337;0
398540;400;0
409900;480;0
294287;700;NULL
351693;710;0
297107;0;380
297107;0;380
341898;0;0
341898;0;0
375646;380;0
389456;384;0
389456;384;0
782588;0;0
297024;0;400
294369;381;NULL
405174;0;0
405195;0;0
294392;370;NULL
294392;370;NULL
329285;0;385
360739;363;363
294399;376;NULL
294399;376;NULL
285006;465;NULL
294426;450;0
297624;470;NULL
305000;470;NULL
305000;470;NULL
318601;470;0
323561;470;0
343031;470;470
294452;342;NULL
359044;0;460
323611;673;0
323611;673;0
294588;290;0
294588;290;0
314904;0;NULL
359653;326;0
368057;0;326
307932;0;250
294749;403;NULL
279895;369;369
295003;280;NULL
295183;397;NULL
295265;390;NULL
295280;280;NULL
287512;600;NULL
295373;600;NULL
295373;600;NULL
302934;600;500
290495;360;0
296077;247;NULL
300699;247;0
316218;298;298
302241;387;367
316468;250;NULL
317881;213;213
296372;106;NULL
284981;350;NULL
290397;350;0
300709;350;350
317616;560;360
352028;550;466
296586;0;2600
375127;0;136
293091;475;350
293091;475;350
348294;0;350
296703;900;900
279740;450;450
296995;0;370
301831;451;451
334843;370;0
370121;370;0
297014;0;410
300353;0;650
307031;400;0
279636;600;600
279636;600;600
296799;0;630
358245;0;548
358777;0;590
507317;590;0
782772;0;590
288085;715;NULL
302349;715;702
302640;715;702
290593;730;NULL
290593;730;NULL
299894;750;0
299894;750;0
299948;0;755
299948;0;755
300219;1138;738
300219;1138;738
348155;0;738
374644;0;950
382750;750;0
390121;0;750
282161;450;0
287831;450;NULL
301671;450;380
316663;460;0
380234;450;0
330267;303;280
296906;0;400
317870;400;0
326282;523;337
326282;523;337
363920;410;0
363920;410;0
723237;0;337
1023614;337;0
293864;450;0
306984;401;0
328402;558;0
294020;489;0
301538;440;398
348259;0;0
378414;0;500
383495;0;490
296542;550;0
297467;458;NULL
297467;458;NULL
297467;458;NULL
297467;458;NULL
318780;458;0
318780;458;0
318780;458;0
318780;458;0
336330;458;458
341895;482;482
372455;0;458
292730;1000;1000
292730;1000;1000
336253;1000;0
336253;1000;0
336253;1000;0
297900;300;NULL
318204;300;0
341980;300;300
298023;680;NULL
320184;680;0
293789;150;150
298566;1200;NULL
279568;1100;0
290227;1000;0
290227;1000;0
287689;255;NULL
293462;3800;0
348079;0;0
297470;0;NULL
297470;0;NULL
318469;373;0
318469;373;0
373421;373;0
299035;450;NULL
318446;450;0
299039;350;NULL
299498;460;NULL
318542;350;NULL
318544;460;0
293405;400;280
293405;400;280
293405;400;280
293405;400;280
293405;400;280
348586;0;280
348586;0;280
348586;0;280
348586;0;280
298025;570;NULL
318335;570;0
298793;250;NULL
298793;250;NULL
354753;350;0
298336;370;NULL
318735;370;NULL
279689;1000;1000
293296;350;220
297864;350;NULL
318459;350;0
299146;800;NULL
299146;800;NULL
299146;800;NULL
318054;850;0
318054;850;0
318054;850;0
330870;0;800
298137;0;NULL
320281;0;0
383003;0;0
297891;150;NULL
297891;150;NULL
320219;150;0
320219;150;0
358285;0;330
358285;0;330
379001;200;0
382964;0;285
356703;0;344
285192;530;NULL
294081;522;522
302212;650;500
299214;409;NULL
298729;490;NULL
343019;490;490
375360;490;380
376607;0;380
285079;600;NULL
289119;0;600
290610;428;428
302190;600;0
300002;0;0
379466;280;0
300239;501.45;391
360247;0;501
300107;1000;800
300473;931;792
301273;834;NULL
318160;834;0
300555;755;0
300555;755;0
300424;324;0
300458;316;250
300616;324;225
301694;290;260
348539;0;250
359964;0;255
300760;819;819
300867;1193;963
374092;1200;0
387035;951;0
301278;231;231
379970;258;0
380239;240;0
390598;0;240
301279;208;208
379958;204;0
380247;204;0
390602;0;204
301312;516.7;385
327005;516;NULL
361058;0;516
293113;711;621
301050;630;0
301313;720;630
306373;630;0
306373;630;0
315841;625;0
327671;630;NULL
348122;0;600
363091;0;710
300273;363;363
300279;0;328
332230;420;0
336904;363;363
345993;420;365
300844;787;546
300899;546;0
300942;787;0
301173;546;NULL
316564;546;0
317852;546;NULL
317852;546;NULL
317852;546;NULL
326297;546;546
300354;0;450
300507;450;450
300568;0;357
300630;450;NULL
300797;450;0
300856;505;450
300898;450;0
300963;300;NULL
301664;450;300
303092;450;NULL
307936;0;450
318265;450;0
327759;450;0
339305;0;450
342932;492;492
348219;0;450
300195;0;330
300357;320;280
300975;330;NULL
301005;330;NULL
301616;280;NULL
304518;330;0
323598;330;0
327385;318;280
348285;0;280
389873;0;330
389873;0;330
300881;260;260
299859;408;295
301403;1200;1200
301403;1200;1200
300894;1300;1300
300894;1300;1300
300894;1300;1300
300894;1300;1300
301048;1230;0
305290;1442;1125
305290;1442;1125
329663;811;0
389751;0;1200
332699;801;801
299892;696;605
301260;450;450
302009;550;450
323483;450;0
288145;570;0
300761;380;380
326823;600;430
300269;372;317
300782;470;470
300782;470;470
355891;0;460
355891;0;460
653222;0;470
653308;0;470
299981;447;0
300100;497;0
317462;0;465
341941;340;340
372971;350;350
300395;267;0
300395;267;0
330147;310;0
330147;310;0
351526;0;0
351526;0;0
378516;0;248
378516;0;248
297640;900;NULL
318396;900;0
288186;300;0
292544;320;320
292638;750;250
300019;750;NULL
300721;282;282
318748;750;NULL
348733;0;330
363943;750;0
293295;285;285
293295;285;285
300229;0;400
326286;0;260
326286;0;260
340223;240;240
340223;240;240
300289;0;800
293432;1800;1700
300209;1862;0
301764;1862;0
348256;0;1700
374514;1770;0
389499;240;0
389499;240;0
360280;413;0
375676;1025;0
389461;0;0
293801;400;0
311367;490;NULL
318598;490;0
340189;305;305
280088;504;504
280088;504;504
286125;675;0
286125;675;0
293819;642;0
293819;642;0
294389;550;NULL
279921;396;0
285122;450;NULL
287687;450;NULL
289320;450;0
290385;450;0
294908;450;NULL
354768;0;0
354793;450;0
358540;0;376.7
378610;0;450
379486;375;0
379945;450;0
383525;0;450
292342;1100;640
300794;620;500
300794;620;500
300794;620;500
316927;452;NULL
330553;620;0
330566;620;0
348355;0;500
348355;0;500
373050;620;0
292349;500;426
348810;0;426
292609;900;900
388355;0;0
388355;0;0
292622;0;0
378579;0;1051
378579;0;1051
378579;0;1051
279499;480;424
288963;0;580
288963;0;580
292932;300;237
333104;668;0
363155;0;458
363155;0;458
300205;376;333
332191;360;0
299660;600;NULL
299660;600;NULL
318486;600;NULL
318486;600;NULL
294102;1400;NULL
301277;231;231
379994;280;0
380140;245;0
390600;0;245
301521;9852;3000
301564;1081;0
316592;730;0
301419;307;NULL
301520;438;438
301610;438;NULL
301535;310;310
323446;240;0
301429;537;NULL
294139;240;NULL
301579;239;NULL
294449;460;NULL
323529;480;0
356708;0;350
331322;240;0
331326;240;0
300008;306;NULL
300008;306;NULL
300008;306;NULL
363196;0;400
363196;0;400
285894;2500;0
288162;0;2000
293990;1700;0
293990;1700;0
296747;0;2000
296747;0;2000
297675;2000;NULL
315792;1400;1400
318190;2000;0
330381;2000;0
348159;0;0
357475;2500;0
378460;0;2000
379688;2000;0
285061;370;NULL
296862;0;350
288846;768;520
389245;675;0
304546;450;0
323547;400;0
304543;450;0
355241;450;0
355241;450;0
372166;800;0
372166;800;0
372166;800;0
299924;0;330
281586;438;438
287902;500;NULL
293141;440;380
293141;440;380
296674;0;428
301855;485;269
308574;265;265
348247;0;380
348247;0;380
353273;0;436
302317;987;0
302317;987;0
293873;1148;0
302826;1200;0
302826;1200;0
348476;0;0
360213;0;800
382453;1140;0
383272;1500;0
279572;507.34;0
287884;440;NULL
292501;288;288
386668;440;0
300307;379;NULL
309058;500;380
318502;379;NULL
289557;0;400
288285;0;230
317701;245;0
358571;0;230
380011;230;0
352564;0;395
293999;600;0
293999;600;0
293999;600;0
300338;450;NULL
300502;0;250
318500;450;0
373504;340;0
299847;600;NULL
288852;0;330
380141;310;0
288598;0;219
528970;0;0
299615;460;NULL
318385;460;NULL
358284;0;338
406432;0;280
288384;0;450
279315;800;NULL
299406;673;NULL
318081;673;0
288916;0;500
301058;500;0
301058;500;0
358543;0;500
379474;400;0
381171;0;527
383463;0;500
388409;507;0
998920;0;500
299689;480;NULL
318718;480;0
358556;0;450
298930;293;NULL
318753;293;0
293252;380;380
327789;700;700
333698;0;700
414383;0;728
299750;300;NULL
299750;300;NULL
299750;300;NULL
320047;300;NULL
320047;300;NULL
320047;300;NULL
347442;180;0
347446;180;0
288744;0;392
279654;400;400
279654;400;400
298473;560;NULL
314872;600;0
314872;600;0
318083;560;0
318083;560;0
358233;0;600
377768;0;550
293435;4063;1656
296810;0;4063
348097;0;1656
280020;800;800
282643;800;0
294127;800;NULL
296708;0;800
302340;777;326
317812;800;0
374749;0;800
297042;0;323
297051;400;400
301286;0;556
362005;556;0
362005;556;0
383521;0;800
407807;556;0
524811;0;0
926987;556;0
297049;0;810
311346;654;NULL
290447;1126;0
296797;0;930
301807;430;400
301807;430;400
296565;0;850
301180;0;470
301344;470;NULL
305009;274;0
318175;470;0
327966;0;470
373606;0;470
373606;0;470
296888;0;570
297408;NULL;0
296920;0;600
316555;340;0
317049;340;0
300900;368;0
301053;368;0
303003;431;368
533704;700;620
533735;700;620
323583;480;0
304481;0;NULL
343234;313;313
279550;855;616
296825;0;750
299581;750;NULL
301314;750;NULL
318219;750;0
287788;350;NULL
301375;450;NULL
337116;250;250
363170;0;338
300992;349;NULL
285838;950;0
279516;537;537
288700;0;557
290316;537;0
290316;537;0
300640;985;537
316797;610;0
317367;517;470
335056;537;0
336364;985;985
341968;610;610
358490;0;537
374516;530;0
383619;0;610
384743;985;0
539635;537;0
638190;0;537
782155;0;610
363121;0;591
293291;634;414
300596;513;0
301049;400;0
301060;1000;0
375124;0;400
290370;340;0
294983;380;NULL
301907;700;590
301907;700;590
351991;590;0
351991;590;0
351991;590;0
281605;3000;3000
358774;0;3933
385217;3000;0
827418;3000;0
302582;0;0
302582;0;0
302611;490;370
302611;490;370
333021;500;0
302401;1335;1035
363917;0;1350
363917;0;1350
363917;0;1350
302874;1000;0
301644;417;312
301750;565;515
301750;565;515
336278;565;0
301789;508;334
332703;400;400
303065;380;380
308059;0;400
302338;352;262
308482;0;480
308705;441;441
330792;0;450
343235;500;500
343235;500;500
311396;480;480
882564;0;585
316361;950;850
316960;1200;750
316960;1200;750
317587;844;NULL
318036;844;NULL
339412;0;0
357526;300;0
378307;0;368
317051;419;419
317329;323;283
317427;250;NULL
317382;800;600
317782;459;280
323543;486;0
326818;387;NULL
326418;515;250
326696;550;515
327375;504;504
327375;504;504
296772;0;533
301715;700;550
316197;650;600
327446;400;277
380022;270;0
302259;900;750
302259;900;750
356714;0;0
391622;666;666
283524;287;0
295101;340;NULL
300230;0;330
302391;0;300
302391;0;300
316876;340;0
374822;0;435
384576;340;0
332328;400;0
302792;291;260
280299;330;330
323437;335;0
316005;360;270
316236;545;445
336607;320;320
336607;320;320
303089;0;467
316837;300;0
330867;0;374
317082;390;350
326370;392;0
358205;586;411
335748;260;0
355290;195;0
289512;0;339
293231;1154;0
293231;1154;0
294280;1076;NULL
294280;1076;NULL
294280;1076;NULL
294280;1076;NULL
294280;1076;NULL
298586;1154;NULL
318521;1154;0
348566;0;0
304273;0;NULL
304385;440;NULL
304385;440;NULL
304385;440;NULL
304684;275;NULL
304750;372;NULL
305264;550;NULL
311279;400;NULL
311279;400;NULL
311279;400;NULL
311279;400;NULL
337069;350;350
337130;340;340
328565;250;0
328565;250;0
333268;220;220
311321;0;NULL
297596;615;NULL
318355;615;0
326298;563;563
326504;563;NULL
326504;563;NULL
328195;615;0
330092;0;0
332170;615;0
332841;615;615
336634;618;618
342976;615;615
345863;615;0
368488;0;615
384720;615;0
384720;615;0
316880;300;NULL
317497;0;NULL
317497;0;NULL
326505;3000;NULL
326505;3000;NULL
304625;300;0
304705;530;0
304783;400;0
373755;422;0
327158;200;0
327158;200;0
323328;330;0
332356;0;0
323438;616;0
323438;616;0
323438;616;0
360824;356;0
302809;500;0
397836;423;0
340191;700;700
279668;600;600
296691;0;550
302939;560;0
316506;518;0
359673;0;0
326882;2000;0
323386;700;0
341939;600;600
316994;658;600
316994;658;600
323506;350;0
323506;350;0
711857;560;0
711857;560;0
323514;295;0
323514;295;0
323514;295;0
323600;750;0
323600;750;0
361410;674;360
361410;674;360
327324;370;0
327324;370;0
323626;2000;0
315798;450;NULL
318268;450;0
318661;0;0
318661;0;0
327717;1176;1300
348417;0;0
348417;0;0
391548;597;0
391548;597;0
328395;140;100
328395;140;100
328395;140;100
336309;100;100
336309;100;100
336309;100;100
336309;100;100
355634;239;140
355634;239;140
355634;239;140
355787;0;140
355787;0;140
355787;0;140
362003;171;93
736628;93;80
736628;93;80
327754;380;360
327754;380;360
330141;360;0
336347;362;362
336347;362;362
383811;0;365
329564;551;346
329564;551;346
329564;551;346
334819;600;450
334979;320;0
334979;320;0
348329;0;450
352779;0;530
352779;0;530
358508;0;317
358508;0;317
383578;0;450
398565;0;551
329622;691;342
306297;375;0
290603;300;NULL
283580;750;0
283616;244;0
328606;315;0
374459;315;0
375640;315;0
384599;324;0
347858;494;494
348204;0;0
287382;800;NULL
389696;0;0
391575;794;0
391575;794;0
409237;0;800
287688;570;NULL
323544;570;0
342963;500;500
384760;1100;0
317011;430;NULL
317011;430;NULL
317011;430;NULL
317040;0;440
317040;0;440
317040;0;440
317040;0;440
344238;449;0
398087;460;0
288987;0;466
317116;0;424
340234;425;425
376202;346;0
327755;462;400
316812;350;350
354532;0;350
735711;464;251
327285;570;465
328321;500;0
348556;0;465
376219;520;0
327785;603;450
327785;603;450
344669;420;0
344669;420;0
348415;0;450
348415;0;450
361693;421;396
361693;421;396
370165;0;450
374731;0;531
374983;420;0
374983;420;0
383568;0;420
383568;0;420
743402;421;0
329345;1250;0
330557;0;0
330186;700;0
330186;700;0
330186;700;0
301876;1465;1465
366782;1200;0
294737;311;NULL
294737;311;NULL
294737;311;NULL
301761;350;275
301761;350;275
301761;350;275
323610;311;0
323610;311;0
302046;160;0
302046;160;0
415325;280;0
415325;280;0
302318;641;0
302336;1500;0
302352;464;245
302427;544;0
330470;500;0
302671;350;0
327772;360;320
356574;450;450
327932;381;253
407846;0;318
329839;500;400
331032;0;650
497263;0;650
497263;0;650
280078;402;402
299358;769;NULL
318597;769;0
384252;0;505
294963;280;NULL
301963;181;181
326296;175;NULL
326296;175;NULL
373171;165;0
326431;220;NULL
327006;332;NULL
331319;2000;0
301378;0;244
330324;399;307
330324;399;307
344667;399;399
347866;334;0
348524;0;307
359030;0;399
327561;650;NULL
327561;650;NULL
327561;650;NULL
299624;0;NULL
343007;0;0
352574;0;264
380033;264;0
397646;0;240
330577;323;0
327389;0;797
313820;800;NULL
329475;715;0
376201;0;800
782474;0;800
317586;157;NULL
328399;401;0
328407;401;0
328400;320;0
328406;320;0
373968;337;0
374986;377;377
388165;0;337
388195;377;0
405807;0;337
415253;0;337
331249;249;0
330764;360;0
327763;609;609
327765;694;694
329279;0;700
279891;391.42;197
329513;0;392
344098;390;390
368654;380;280
316615;1200;0
331306;4000;2000
323508;300;0
323508;300;0
323508;300;0
331238;0;900
331317;909;0
334829;910;0
336283;763;0
336562;910;910
339415;909;0
340253;910;910
344442;910;763
348035;910;763
351714;910;0
351853;0;763
356304;760;0
356362;909;0
361357;0;909
370124;909;0
384797;910;0
405970;0;763
507325;0;910
311287;0;NULL
331383;176;150
331391;0;318
341353;318;0
375671;318;0
331405;0;0
331405;0;0
331415;424;0
323417;82;0
323417;82;0
323439;221;0
323525;306;0
326682;750;0
326682;750;0
330160;600;0
323169;500;0
294537;462;NULL
363169;0;462
323310;400;0
323310;400;0
323425;550;0
323425;550;0
323425;550;0
380037;570;550
323468;240;0
323469;270;0
336878;230;230
323489;182;0
336067;183;0
492921;187;136
323509;500;0
323521;500;0
323560;500;0
323560;500;0
323562;800;0
323568;715;0
323576;509;0
323586;350;0
323590;150;0
323594;0;0
323594;0;0
323622;1800;0
323622;1800;0
323622;1800;0
378653;0;1800
398514;1763;0
398514;1763;0
908540;0;1764
390270;3225;0
330098;300;0
333787;400;0
333787;400;0
333787;400;0
333896;400;0
333896;400;0
333896;400;0
332785;400;300
332825;400;0
332858;400;0
332886;400;0
289578;650;0
339757;0;654
339757;0;654
317425;501;NULL
332902;501;0
334766;501;0
336629;501;501
339416;501;0
333007;330;0
333088;325;325
334889;500;500
350843;0;500
332544;500;500
335057;450;0
335057;450;0
331014;0;398
331014;0;398
335092;352;276
335092;352;276
363152;0;320
363152;0;320
335081;480;0
335081;480;0
343783;617;483
331973;470;0
332019;365;365
332027;55000;0
346042;487;423
279615;1900;1653
294257;1800;NULL
300741;2040;1327
302156;1271;1120
302156;1271;1120
302156;1271;1120
323595;1800;0
332308;1200;0
323447;400;0
323447;400;0
332401;0;0
346244;325;282
346244;325;282
488118;0;0
307048;250;0
336305;152;152
336305;152;152
336305;152;152
336636;350;350
373719;500;0
335796;0;0
335796;0;0
339348;0;0
339356;0;500
336276;112;0
336279;292;0
336279;292;0
339417;332;0
339417;332;0
280621;416;416
301575;0;NULL
318442;0;0
279644;700;500
282918;700;0
288899;0;500
339854;500;0
339736;193;193
343093;218;218
378426;0;218
343001;614;614
343001;614;614
388290;0;350
340379;500;350
340379;500;350
348715;0;350
358280;0;350
330755;2500;2500
340610;2500;0
389248;2500;0
339971;160;160
340075;220;220
359058;0;218
374050;380;280
360560;659;0
360560;659;0
1231129;659;0
292813;745;400
292813;745;400
292813;745;400
292813;745;400
297652;0;NULL
348910;0;400
348910;0;400
340637;350;0
384675;365;0
297566;340;NULL
318427;340;0
336843;340;340
341885;344;344
341885;344;344
782130;0;344
341916;250;250
344445;501;350
344445;501;350
479002;350;0
866415;350;0
987710;397;0
330580;598;598
330580;598;598
344472;465;0
344531;465;0
296699;0;600
297991;1050;NULL
318477;1050;0
342778;920;920
342926;455;455
343053;480;480
343117;0;0
343117;0;0
343208;348;348
344103;411;411
526937;0;0
526937;0;0
345639;357;357
346103;409;0
346163;409;0
346257;408;0
346257;408;0
346257;408;0
347202;408;0
347739;400;0
348424;0;0
348424;0;0
348424;0;0
352784;0;400
384695;409;0
345666;0;490
359039;0;439
280097;382;314
370208;0;250
346082;356;0
372454;0;500
346283;470;408
346283;470;408
346283;470;408
364948;470;408
364948;470;408
364948;470;408
347302;267;0
347249;700;0
302885;300;0
304617;200;0
356775;0;350
356775;0;350
405114;359;0
330074;789;789
347411;483;458
351431;486;486
351435;400;0
927084;305;0
345634;481;0
340120;280;280
351842;415;365
299710;345;NULL
320257;345;0
351968;281;0
351968;281;0
384197;345;0
387566;425;374
352029;274;196
359451;0;240
380138;450;0
296835;0;1154
352726;0;557
352726;0;557
352960;0;310
352960;0;310
354726;444;356
360839;325;0
360848;325;0
354734;500;0
355296;420;0
355296;420;0
361400;0;0
361400;0;0
361400;0;0
361400;0;0
388016;347;347
388016;347;347
317097;344;0
326169;425;374
355535;346;309
355535;346;309
355831;552;0
356767;510;0
386897;280;0
783279;320;0
355869;0;800
356549;223;0
358157;400;0
1200113;0;400
358961;400;0
358961;400;0
302054;692;435
364900;394;342
638211;225;0
358477;0;450
358477;0;450
359629;415;374
357515;500;0
378608;0;280
380105;560;0
358265;0;255
358785;0;577
360738;354;354
360862;356;0
361189;0;350
373769;357;0
388910;326;0
389956;0;354
715374;376;0
716393;356;0
731809;356;0
762112;450;0
360876;841;841
384950;0;630
405799;0;500
409840;0;630
420874;630;0
360864;400;0
317381;725;725
330910;0;400
336352;400;400
347154;0;450
359362;450;0
359374;450;0
358247;0;338
802665;0;289
293185;0;0
353308;0;360
377680;0;0
361345;0;560
361412;260;175
361412;260;175
361389;750;0
361389;750;0
368094;701;701
383639;0;610
529656;710;0
361372;375;0
361385;375;0
361406;300;0
361406;300;0
361557;756;552
415316;756;0
415343;756;0
359566;460;0
359566;460;0
362179;433;433
362179;433;433
373173;454;0
373173;454;0
373178;454;0
495103;454;0
361296;0;435
362015;456;456
358532;0;116
358501;0;400
358550;0;160
358558;0;175
358569;0;750
380851;0;750
363188;0;420
363112;0;1100
363122;0;0
363161;0;436
363163;0;590
363174;0;430
363187;0;325
363210;0;387
363210;0;387
363118;0;393
363153;0;274
363153;0;274
363168;0;380
366239;0;199
366200;0;250
366640;0;400
366990;471;0
366998;471;0
367002;0;0
331555;1400;1400
331555;1400;1400
339340;0;250
361621;1500;0
364785;0;200
365820;274;200
368651;447;447
370205;445;0
385768;0;444
1139247;0;444
1170534;445;0
363929;450;0
378088;346;0
379478;450;0
379478;450;0
398459;450;0
364221;3000;0
373049;180;0
279313;850;850
281877;800;0
283631;850;0
283631;850;0
300246;800;0
300246;800;0
301975;800;0
301975;800;0
302056;800;0
302056;800;0
304470;0;NULL
316559;800;0
323630;1159;0
323630;1159;0
323631;1159;0
323631;1159;0
330887;0;800
361913;0;800
405150;350;0
604756;0;350
361712;0;580
383686;0;541
386725;451;0
386725;451;0
386805;451;0
386805;451;0
389152;267;0
355728;595;0
368516;377;0
368516;377;0
368516;377;0
745017;375;0
300159;0;800
300159;0;800
390675;0;185
361087;0;276
373347;324.2;324
373795;400;0
372262;707;0
372219;0;510
372912;508;0
372898;0;0
382778;0;300
372894;416;0
374747;0;377
384953;418;401
507255;418;0
373132;315;0
373141;378;0
373773;0;400
373815;540;400
383431;0;450
388461;465;0
407063;620;466
372908;360;0
378376;0;380
380428;360;0
411521;0;165
374671;0;1514
374457;149;0
290289;530;0
290289;530;0
294317;530;NULL
294317;530;NULL
299612;530;NULL
299612;530;NULL
302842;530;0
304550;530;0
304550;530;0
314859;530;412
314859;530;412
314859;530;412
320060;530;0
320060;530;0
320060;530;0
355732;451;0
355815;530;0
356865;530;0
356865;530;0
358283;0;530
359499;0;371
359499;0;371
359655;530;371
369171;500;0
370209;0;530
382970;0;0
398056;0;530
1074170;530;0
1074170;530;0
1185265;530;0
374800;0;275
374465;600;0
374491;199;0
373757;350;290
396841;0;357
409087;357;0
490092;350;290
741571;0;290
788445;350;0
996907;357;0
374044;510;510
374984;450;0
375118;0;400
387659;450;396
373720;500;0
373721;744;0
373721;744;0
386027;0;446
386727;744;0
386804;744;0
380225;400;0
384604;400;0
398426;0;0
398441;382;0
526140;400;0
1231048;0;400
280049;268;268
282811;250;0
378044;0;230
378072;0;283
378074;0;210
304987;0;NULL
378473;0;446
378473;0;446
332631;600;500
379860;615;600
379860;615;600
299163;250;NULL
356758;411;0
529988;0;441
377628;0;0
380095;395;0
326490;1172;NULL
382718;290;290
391543;0;0
391549;300;0
530571;0;290
530571;0;290
378759;148;0
378759;148;0
380641;0;500
380250;325;0
381224;0;0
382236;230;0
382236;230;0
379934;810;0
379859;518;0
379881;400;0
380510;240;0
379952;0;315
397603;0;330
1243494;359;0
379278;0;200
379498;210;0
379498;210;0
379569;280;0
383480;0;450
741557;450;0
741557;450;0
383531;0;500
397637;0;360
385168;255;0
380031;320;0
380165;275;0
380269;479;0
383722;0;474
384748;1611;0
384748;1611;0
341984;550;550
354510;0;550
354510;0;550
354510;0;550
355753;0;600
358087;590;490
358087;590;490
358087;590;490
358904;0;550
358908;380;0
360553;550;0
363711;490;0
363711;490;0
363711;490;0
369613;499;0
384815;550;0
383656;0;0
382165;0;300
382165;0;300
387107;815;0
388015;533;329
388017;396;250
348047;100;0
387196;854;450
387414;1032;908.16
387690;700;616
387690;700;616
387723;624;0
387723;624;0
387723;624;0
397872;212;0
389004;300;0
391526;0;419
391526;0;419
524749;419;386
388393;450;0
389229;420;282
389229;420;282
386712;350;0
388149;230;0
757822;230;0
757822;230;0
389355;453;0
388569;1100;0
388563;0;0
386987;245;0
382827;0;379
382827;0;379
743253;379;0
390378;450;400
391671;447;0
398144;300;0
398161;342;0
397990;142;123
326972;356;0
326972;356;0
327022;356;NULL
327022;356;NULL
537482;356;0
344204;500;0
379274;578;578
386767;220;0
386767;220;0
407240;652;0
773029;0;0
390145;150;0
389648;0;796
398515;1974;0
398541;140;0
390677;0;300
384642;380;0
384642;380;0
384642;380;0
384666;412;0
384658;600;0
344354;320;320
405471;0;210
389439;0;0
389439;0;0
531094;465;0
368126;0;455
389469;325;0
398688;0;350
287748;300;NULL
398739;0;366
398739;0;366
398751;666;366
398751;666;366
294310;608;NULL
387806;850;748
391068;0;0
405157;690;0
405424;440;0
405619;186;0
341899;130;130
405943;685;602
405819;0;309
292799;580;450
294239;540;NULL
294239;540;NULL
294239;540;NULL
301849;650;530
339308;0;500
351428;350;350
389948;0;600
407058;450;0
406937;200;0
405598;0;443
407752;0;850
408536;550;550
408578;0;495
408578;0;495
408620;635;495
408620;635;495
299896;357;357
300788;0;360
336653;360;360
360803;0;481
360803;0;481
360803;0;481
360803;0;481
360803;0;481
408485;351;351
874703;481;0
359360;0;434
359632;0;0
360711;434;0
360722;434;0
361710;0;434
368590;434;0
350851;0;499
350851;0;499
360679;623;0
374645;0;676
389263;498;0
389270;498;0
390175;800;0
281981;691;0
363129;0;618
408779;0;374
296652;0;900
409094;505;403
415482;650;0
415482;650;0
415482;650;0
372306;857;857
372306;857;857
408874;600;0
409089;396;0
289771;704;704
289772;720;0
289816;701;0
289816;701;0
289816;701;0
296595;720;720
285093;317;NULL
289342;450;0
289687;450;450
289687;450;450
360816;0;450
360816;0;450
317529;250;NULL
317529;250;NULL
317529;250;NULL
326600;250;0
326600;250;0
360914;250;0
360974;320;0
360999;320;0
361381;0;250
361381;0;250
754014;268;0
754014;268;0
293599;807;448
293599;807;448
348331;0;448
309031;0;NULL
309031;0;NULL
409043;0;319
409514;379;0
409138;0;300
409519;383;253
411656;0;350
300537;775;775
361091;0;300
374771;0;300
378525;0;400
409608;575;0
409509;585;0
409509;585;0
388018;400;400
409562;0;397
409562;0;397
390534;250;0
411428;0;300
755014;290;0
411501;252;0
292888;525;474
299195;407;NULL
318142;407;0
411749;394;226
351817;0;0
355755;0;256
360254;0;256
411613;240;0
411613;240;0
391371;0;0
414391;437;0
414391;437;0
293257;592;441
284881;1100;NULL
285830;1100;0
285830;1100;0
300288;1300;1300
345664;0;1100
279357;747;747
282977;747;0
288100;700;NULL
288850;740;740
296939;0;620
304589;745;0
342875;525;525
355867;0;747
358982;0;747
384045;0;525
415249;288;0
285067;450;NULL
293453;611;411
331403;600;0
336863;450;450
356671;0;450
323620;1200;0
415463;1200;0
415413;0;446
390148;589;0
390148;589;0
390155;365;0
390155;365;0
412064;613;0
420947;3754;3754
421247;387;0
421247;387;0
845243;387;0
293740;466;366
348655;0;366
445529;470;0
347986;450;450
360246;0;450
378760;370;0
384684;450;0
447840;0;450
452476;0;415
539784;303;0
347987;415;415
347987;415;415
347988;324;324
347988;324;324
360344;0;430
378762;320;0
384687;324;0
384688;415;0
389150;301;0
389962;0;415
447845;0;415
447848;0;324
539782;292;0
539783;277;0
288718;0;450
330317;700;420
452600;360;300
452600;360;300
452600;360;300
1044879;360;0
1047859;322;322
409576;400;0
409576;400;0
409576;400;0
285092;430;NULL
285092;430;NULL
305260;470;NULL
478424;460;0
478424;460;0
478353;210;0
294878;350;0
302823;438;0
327331;446;446
336661;350;350
348867;0;446
355772;350;308
732271;550;550
732271;550;550
479711;225;225
330447;533;0
330447;533;0
330452;533;0
330452;533;0
479666;533;0
415472;700;0
415472;700;0
487528;400;0
492808;700;0
493187;680;0
361564;688;333
361754;0;688
372970;629;333
375022;333;0
485347;333;0
479361;650;0
314883;1160;750
316375;1160;NULL
317916;0;480
326145;746;0
326946;1300;1160
328667;746;0
336585;746;746
348192;0;750
351463;1160;0
351466;1160;0
355279;0;1160
362096;1160;0
373344;746;746
384755;746;0
389831;0;746
409017;746;0
492836;0;746
638825;468;0
839106;0;746
951519;1160;0
1033452;1160;0
521885;281;0
323398;340;0
332193;340;0
332142;256;0
289413;0;350
332434;304;0
488065;0;0
293207;780;674
293207;780;674
378290;0;780
385792;325;286
332090;520;0
493238;500;0
358986;0;380
280023;253;253
289424;0;250
289424;0;250
297078;0;253
297078;0;253
299330;280;NULL
302650;250;0
305305;250;NULL
305305;250;NULL
308516;0;250
308516;0;250
318721;280;0
336738;250;250
336738;250;250
525834;0;377
497315;568;568
1083553;680;0
294385;357;NULL
363674;792;602
415327;784;0
415327;784;0
507487;602;0
507347;355;0
507816;566.43;566
507731;326;0
507761;0;500
507761;0;500
289766;539;295
299926;539;NULL
316925;355;205
316925;355;205
318529;539;NULL
346803;206;179
346803;206;179
346803;206;179
348752;0;205
365188;206;179
365188;206;179
365188;206;179
507725;0;400
507791;0;685
306406;322;NULL
326908;0;370
337026;334;334
356740;0;400
301779;348;0
308449;0;400
363176;0;1234
367037;384;0
508791;1630;0
731648;0;1297
281609;700;0
281999;700;0
288119;784;NULL
288537;758;0
293868;780;0
508808;0;658
510162;1000;0
510162;1000;0
279604;349;349
281659;354;0
285951;350;0
292852;350;350
297537;349;NULL
308001;0;350
318264;349;0
348220;0;350
348220;0;350
507328;0;361
510048;0;350
279980;2560;2560
279980;2560;2560
279980;2560;2560
285976;2825;0
290523;2825;0
290523;2825;0
293056;2825;0
293056;2825;0
293056;2825;0
294799;2800;NULL
294799;2800;NULL
323579;2825;0
323579;2825;0
323579;2825;0
348318;0;0
378494;0;2825
378494;0;2825
510036;0;2825
782459;0;2825
356773;328;0
510183;809;712
510183;809;712
344216;171;157
344216;171;157
512123;322;280
512123;322;280
280384;245;245
384591;365;0
512046;0;360
323538;510;0
323538;510;0
279959;240;240
282282;206;0
288939;218;0
290382;218;0
293068;228;0
296160;NULL;NULL
296160;NULL;NULL
296938;0;218
316741;206;0
348585;0;0
374779;0;238
378285;0;218
387948;0;0
512127;0;239
282196;600;0
287833;450;NULL
287833;450;NULL
289769;600;600
290309;600;0
297009;0;550
308575;0;600
323575;600;0
330252;600;0
343010;629;629
283629;450;0
300132;0;490
300132;0;490
300132;0;490
300132;0;490
301395;473;375
301423;474;362
301424;0;475
316173;473;NULL
519176;447.4;447
281614;650;500
358773;0;500
396786;150;0
1112753;220;0
1112753;220;0
1115158;0;220
1115158;0;220
1126442;0;220
1126442;0;220
374468;176;0
317507;410;0
317507;410;0
279643;580;476
282206;580;0
284970;580;NULL
296156;NULL;NULL
330977;0;580
317203;350;NULL
326712;0;350
329884;350;0
359841;0;378
384614;341;0
604053;286;0
519183;140;0
280255;529;0
285312;529;NULL
285312;529;NULL
285312;529;NULL
285312;529;NULL
287476;325;NULL
293299;529;529
293299;529;529
293299;529;529
294853;529;NULL
298255;0;NULL
301966;529;440
313821;529;NULL
316087;529;0
318771;0;0
318776;529;0
323412;529;0
348862;0;529
362180;336;0
409563;0;336
326637;580;NULL
327440;0;580
328665;580;0
360580;580;0
360800;0;517
308382;300;300
520694;0;0
520751;0;341
287620;750;NULL
279424;954;0
288035;970;NULL
302951;600;600
387732;390;0
290405;590;0
287948;333;NULL
290391;330;0
290569;330;0
298614;330;NULL
298614;330;NULL
301338;0;330
301338;0;330
301338;0;330
318281;330;0
318281;330;0
347684;330;0
355694;0;330
356680;330;0
356680;330;0
369111;0;372
767150;333;0
767150;333;0
767207;333;0
767207;333;0
780927;0;333
329658;529;423
344090;574;574
294456;220;NULL
329848;0;0
329868;0;0
356709;0;0
358243;0;350
358243;0;350
285124;2000;NULL
287921;2000;NULL
293095;2011;0
294270;2000;NULL
298992;2000;NULL
318285;2000;0
323609;2011;0
329929;0;2014
353844;0;2041
286022;427;0
356722;430;0
356722;430;0
356722;430;0
379870;470;0
387605;507;446
387605;507;446
387605;507;446
522041;0;430
279996;437;254
298837;437;NULL
316642;437;0
358260;0;437
387953;0;0
297766;800;NULL
318482;800;0
279979;350;0
299386;350;NULL
299386;350;NULL
318605;350;0
318605;350;0
355718;349;0
328671;623;0
334978;0;0
356731;0;0
377778;0;455
377779;0;455
377780;0;455
385191;455;0
387165;455;455
358787;0;225
292498;450;400
301614;353;NULL
301614;353;NULL
318460;353;0
318460;353;0
348409;0;400
383609;0;0
298043;688;NULL
298043;688;NULL
318299;688;NULL
318299;688;NULL
369308;688;0
369308;688;0
369308;688;0
373711;0;0
373711;0;0
373711;0;0
377775;0;700
377775;0;700
525749;688;0
527154;688;0
527154;688;0
782804;0;688
356911;270;0
782660;0;270
373142;600;500
387735;534;0
358275;0;379
316795;500;0
526890;500;0
523373;0;630
522957;340;0
280124;300;300
375140;0;180
375140;0;180
372468;605;0
372468;605;0
374987;450;450
452658;0;700
452658;0;700
452658;0;700
511412;575;575
511412;575;575
523358;0;490
523358;0;490
523479;707;490
523479;707;490
994300;546;0
523283;393;0
337079;357;357
279437;974;740
296698;0;740
524003;940;0
279844;550;300
281905;500;0
286033;300;0
289120;0;300
293901;300;0
293901;300;0
376214;350;0
378578;0;500
409088;530;0
523856;0;0
524277;668;0
524277;668;0
524294;0;328
378149;240;0
378176;240;0
378772;180;0
386689;240;210
389222;0;210
397898;0;210
397912;250;210
523829;200;0
838946;0;350
950272;425;350
523788;400;0
524803;600;600
524803;600;600
526067;0;400
528275;536;0
526125;0;598
522369;486;0
524033;486;0
528340;486;450
710678;0;486
528343;359;400
528344;365;339
405711;0;0
329508;500;0
329508;500;0
332855;500;500
332855;500;500
343781;500;0
360840;0;500
361348;0;500
361348;0;500
373511;363;0
398163;363;0
279479;604;600
282932;604;0
285106;604;NULL
285922;510;0
287935;604;NULL
288693;604;0
290300;604;0
293540;604;0
294373;604;NULL
296368;450;NULL
296822;0;730
302546;604;0
304628;604;0
329639;604;0
329652;604;0
330970;0;604
332765;604;604
348188;0;0
355905;0;604
358993;0;604
384759;604;0
389824;0;600
299409;800;NULL
318093;800;0
339813;850;0
375921;708;592
528273;592;0
372897;330;0
327893;306;230
289167;0;450
526073;0;600
530054;600;600
530054;600;600
290565;400;NULL
289814;0;400
289814;0;400
316863;560;NULL
316863;560;NULL
530485;0;450
372248;868;0
405713;0;0
406428;0;350
531845;436;0
531862;0;350
532571;440;0
532571;440;0
532347;0;261
537721;261;0
538643;261;0
740307;261;0
744061;261;0
533083;328;0
327380;0;440.68
336620;336;336
533464;260;0
533438;300;0
405964;362;0
405964;362;0
409733;0;0
409774;367;0
279794;401;318
279794;401;318
282239;380;0
282239;380;0
287825;380;NULL
287825;380;NULL
294873;318;NULL
294873;318;NULL
300192;320;0
300192;320;0
302078;495;324
302078;495;324
340129;360;360
379125;320;0
409015;380;0
409561;339;0
409671;0;360
414586;495;373
533722;0;495
773186;360;0
531069;0;650
531073;650;0
532344;0;650
532553;650;650
533807;650;0
603542;650;0
523722;438;0
527153;491;0
531201;0;438
531364;438;438
533786;0;438
533808;438;0
546321;0;343.24
616451;0;438
743381;450;0
531070;0;650
531076;650;0
531751;0;650
533809;650;0
603540;650;0
731655;650;0
530472;0;500
531752;0;500
533810;500;0
736653;0;404
748135;500;0
339205;200;200
279509;594;594
279509;594;594
285007;690;NULL
285902;690;0
287946;690;NULL
287946;690;NULL
288956;690;0
288956;690;0
293857;595;397
293857;595;397
294166;690;NULL
294166;690;NULL
296850;0;594
302754;690;0
302754;690;0
308913;690;690
332814;690;0
332814;690;0
336614;690;690
336614;690;690
342937;690;690
342937;690;690
348280;0;397
348280;0;397
355919;0;690
355919;0;690
361006;680;0
374698;0;594
317864;0;416
317864;0;416
536211;0;246
536211;0;246
327283;447;377
327283;447;377
336313;426;426
336313;426;426
348183;0;377
348183;0;377
348183;0;377
348183;0;377
360559;0;426
360559;0;426
360559;0;426
378777;426;370
378777;426;370
391647;565;0
534644;0;0
279969;745;745
279969;745;745
294273;745;NULL
294273;745;NULL
299848;650;NULL
299848;650;NULL
318506;650;0
318506;650;0
332006;0;730
333973;650;0
350795;0;0
358211;390;0
507762;0;390
781899;0;393
534574;0;559
735593;559;0
287502;391;NULL
287502;391;NULL
289852;385;NULL
289852;385;NULL
292774;391;391
292774;391;391
292774;391;391
294747;391;NULL
294747;391;NULL
336860;311;311
336860;311;311
348852;0;391
348852;0;391
348852;0;391
372113;365;0
372113;365;0
375297;365;331
375297;365;331
493190;348;331
452473;500;337
479031;0;475
535678;650;473
723268;500;0
524763;0;606
524763;0;606
288668;0;520
288668;0;520
347649;350;0
347649;350;0
536119;398;398
293126;370;350
348832;0;350
356885;350;0
356885;350;0
653173;0;350
536156;0;429
287663;600;NULL
295075;650;NULL
295075;650;NULL
302992;600;0
281989;500;0
289682;700;700
289897;750;NULL
292649;585;505
299912;0;700
348177;0;505
374641;0;750
537210;700;0
282238;717;0
282238;717;0
296639;0;710
300638;0;717
302253;1067;717
302253;1067;717
374622;0;717
389795;0;700
537662;717;0
296896;0;323
316670;200;0
299863;500;NULL
299863;500;NULL
352541;0;500
376226;1060;0
380143;500;0
533826;0;560
537697;560;0
358576;0;320
390462;276;0
390462;276;0
537137;0;276
292428;230;170
296897;0;389
296897;0;389
296897;0;389
301004;0;NULL
301004;0;NULL
301004;0;NULL
347327;230;170
351505;0;170
351801;0;280
351801;0;280
351801;0;280
414692;0;202
414692;0;202
539380;220;0
283039;475;0
283039;475;0
296962;0;551
301014;450;NULL
308722;0;450
336873;450;450
389892;0;450
538699;0;1300
299811;247;NULL
537716;247;0
537716;247;0
538646;247;0
538646;247;0
740302;247;0
740302;247;0
538793;500;280
538720;575;0
538720;575;0
538720;575;0
280095;643;355
293293;390;0
298037;390;NULL
320119;390;0
358585;0;400
288947;412;412
288947;412;412
300240;357;357
300989;410;NULL
379930;420;0
295081;340;NULL
295081;340;NULL
304437;0;NULL
323428;550;0
323428;550;0
333042;500;420
333042;500;420
336281;340;0
301461;310;210
478344;0;450
511530;0;450
519118;0;430
539638;0;0
732958;210;0
732958;210;0
734199;152;0
734199;152;0
742426;450;0
755943;0;150
755943;0;150
774872;0;400
279842;1111;1059
279842;1111;1059
290488;1163;0
294525;1094;NULL
294525;1094;NULL
299562;1000;NULL
299562;1000;NULL
299562;1000;NULL
302310;1163;850
318173;1000;0
318173;1000;0
379856;700;0
538778;300;0
540340;0;250
540703;280;0
284855;1579;NULL
294013;1579;0
378790;0;1500
282818;510;0
311280;510;NULL
336989;510;510
344087;510;510
389893;0;510
344483;367;0
344532;367;0
510124;623;0
531074;0;554
537119;0;750
539661;512;0
546441;623;0
653830;0;0
653899;623;0
355656;0;0
546238;420;0
546238;420;0
546227;0;380
285907;530;0
294183;400;NULL
398449;0;0
292957;300;280
358279;0;300
386902;300;0
374271;0;261
374271;0;261
405837;0;500
405837;0;500
405837;0;500
530471;0;500
531081;500;0
534625;500;0
602619;500;0
745216;400;0
383529;0;471
603564;537;313
287890;583;NULL
302218;650;0
604195;472;472
604199;350;350
604168;430;365
517617;0;180
520071;175;175
521942;0;220
522826;176;0
522830;220;0
522865;0;220
523267;0;175
523757;220;0
523886;0;176
528385;185;0
528548;177;0
530050;177;0
530467;0;280
531870;0;0
531991;176;0
532267;0;176
532267;0;176
532267;0;176
533353;0;177
533831;0;185
536202;175;0
539617;177;0
539634;220;0
539655;174;0
539788;0;0
604717;0;176
533038;0;373
292611;1000;800
345594;445;0
358473;0;800
383690;0;0
613691;800;0
508786;700;0
616476;0;700
616476;0;700
281885;300;0
293481;360;240
298631;360;NULL
320118;360;NULL
348831;0;240
540704;354;0
617055;0;400
816157;190;0
297523;371;NULL
320038;371;0
369563;371;0
389660;0;0
641393;0;560
755046;0;560
755046;0;560
358549;0;520
358549;0;520
378081;0;490
379490;520;0
379490;520;0
282541;600;0
296719;0;540
296719;0;540
336293;600;600
389739;0;600
329798;380;0
279876;800;800
279876;800;800
294027;800;0
302894;820;0
315823;800;NULL
332277;820;0
346087;820;722
348801;0;0
357497;800;0
487734;0;0
642093;138;138
642093;138;138
642004;840;0
302231;426;333
343111;400;400
343111;400;400
279694;254;254
293699;230;230
302228;242;168
311360;0;NULL
331390;0;254
332935;800;300
308855;0;325
308855;0;325
387995;350;0
653808;688;0
653808;688;0
407049;450;0
657488;0;210
657488;0;210
794911;0;210
816381;210;0
510094;0;1200
510094;0;1200
531760;800;800
306390;273;180
681204;1000;0
681204;1000;0
681853;170;0
782355;0;200
353496;0;380
379021;250;0
386962;250;0
681932;0;0
283543;294;0
308008;0;646
703088;1130;0
279428;556;312
288608;0;514
361280;641;312
361663;556;0
365319;442;0
703022;312;0
294822;523;NULL
294822;523;NULL
294822;523;NULL
294822;523;NULL
301455;523;NULL
301455;523;NULL
311361;360;0
311361;360;0
317441;752;0
317441;752;0
318192;523;0
318192;523;0
327181;752;523
330258;752;0
330258;752;0
330258;752;0
330561;752;0
330561;752;0
344215;752;0
374634;0;567
384771;750;0
523285;0;456
710737;0;456
710684;2350;2350
711720;658;422
711720;658;422
293307;450;408
711655;0;0
713507;470;470
713463;415;380
713463;415;380
330914;0;240
330914;0;240
296809;0;400
296809;0;400
304959;450;NULL
352961;0;514
530604;0;512
641011;395;245
715365;257;217
519173;0;350
716509;412;242
716509;412;242
716509;412;242
715214;651;0
604193;0;240
604193;0;240
716543;240;240
716543;240;240
723288;240;0
723288;240;0
722754;550;0
722754;550;0
731885;650;500
1016421;0;530
537659;700;0
295509;362;NULL
732087;0;322
296545;0;2300
296545;0;2300
296545;0;2300
316554;2300;0
316554;2300;0
316554;2300;0
375855;0;0
732722;0;200
285983;730;0
327594;434;434
332045;850;0
332045;850;0
332045;850;0
355932;0;450
390554;850;0
752470;0;760
1014518;0;153
734170;0;659
734169;581;0
735712;464;239
736261;0;239
735514;400;315
735522;410;310
736737;664;664
736744;750;0
736744;750;0
736744;750;0
289016;0;385
289016;0;385
373531;385;0
525009;385;0
292745;264;264
316152;260;NULL
317585;260;NULL
318746;260;0
323479;200;0
326551;260;NULL
328314;0;0
1052941;320;0
289547;0;260
288334;0;228
294673;274;NULL
740413;274;274
298922;452;NULL
318481;452;0
368065;452;0
388422;391;0
741717;0;0
279623;500;400
279623;500;400
282607;470;0
292905;520;440
348241;0;440
374515;500;0
390193;400;0
293086;550;500
326912;500;NULL
358779;0;548
358779;0;548
347095;161;160
347095;161;160
347095;161;160
347095;161;160
347095;161;160
360556;159;0
360556;159;0
360556;159;0
364995;161;160
364995;161;160
369267;159;0
372531;289;114
372531;289;114
390460;0;289
390460;0;289
391632;159;159
391632;159;159
405399;0;159
405399;0;159
520005;0;115
520005;0;115
522900;0;159
522900;0;159
523035;337;159
523035;337;159
530484;0;118
530484;0;118
530508;0;0
530508;0;0
602439;0;338
602469;160;0
680386;0;161
680386;0;161
740294;337;0
743263;159;0
784376;0;337
298481;750;NULL
298481;750;NULL
318213;750;0
318213;750;0
373156;0;0
386878;493;0
781368;0;0
532319;400;0
329375;186;0
749922;646;561
523730;0;350
523730;0;350
752406;300;0
333765;760;0
333765;760;0
334767;479;0
334862;762;478
335044;522;522
336286;0;672
336286;0;672
336286;0;672
337211;655;0
337211;655;0
342813;762;762
346059;479;0
346059;479;0
346059;479;0
370214;468;0
372530;529;480
372530;529;480
374572;0;812
289051;0;250
296663;0;350
331560;300;0
796879;250;0
301885;420;320
384620;453;0
300411;924;362
323464;600;0
323464;600;0
323464;600;0
327796;812;NULL
332219;281;0
335924;988;988
335924;988;988
345972;362;320
345972;362;320
348740;0;362
294236;389;NULL
294236;389;NULL
294236;389;NULL
359931;0;390
405185;0;250
405219;389;250
414387;389;0
752412;0;270
296039;316;NULL
736654;0;350
753592;270;270
753593;272;272
754064;414;0
773759;0;542
873695;300;0
323470;500;0
300771;0;352
336982;305;305
755905;0;655
757946;355;277
758353;0;350
759720;1400;0
759720;1400;0
759720;1400;0
796904;0;1400
802984;1400;0
302049;662;0
378312;0;400
378782;0;420
389651;0;662
389651;0;662
411492;0;0
415464;662;0
538797;662;0
781015;400;0
759630;0;380
328194;562;0
328194;562;0
356374;700;0
761230;440;440
761231;250;250
761220;0;0
761418;350;0
763132;160;0
762063;240;0
1043991;0;240
753590;250;250
327018;0;NULL
327018;0;NULL
327018;0;NULL
327086;0;0
327086;0;0
327086;0;0
378472;0;2000
360369;0;350
753025;250;0
753025;250;0
753025;250;0
753025;250;0
757100;305;0
759700;0;300
759721;550;248
767256;300;300
796999;0;305
1079369;305;0
1118907;248;0
385741;0;0
385741;0;0
771636;330;0
771683;0;580
317009;450;0
293144;380;362
299573;482;NULL
320020;482;0
779920;400;0
774871;185;0
711859;114;0
753965;130;114
907736;0;0
908538;0;159
343099;956;956
343099;956;956
343099;956;956
414425;590;0
780098;435;0
780197;435;0
781975;0;0
290412;974;0
290412;974;0
290412;974;0
290412;974;0
290412;974;0
329747;1000;0
329747;1000;0
329817;1000;0
329817;1000;0
332467;0;213
341873;214;214
341873;214;214
374292;0;214
782139;0;214
782168;0;700
782168;0;700
782345;0;500
782379;0;330
782390;0;600
279953;1012;1012
289186;0;541
357486;1012;0
285863;1600;0
288134;1000;NULL
378390;0;1220
378390;0;1220
388236;0;1030
281827;0;NULL
288960;0;650
290353;850;0
294594;657;NULL
294594;657;NULL
294594;657;NULL
305235;657;0
336463;600;600
361491;0;657
285941;300;0
340714;300;300
348632;0;300
356805;0;0
369561;0;0
387287;303;265
537655;0;550
759933;1129;660
762047;0;0
762047;0;0
508809;350;0
510142;0;350
510142;0;350
511478;350;0
389449;0;0
713831;255;0
713831;255;0
713834;259;0
713834;259;0
789201;0;200
789201;0;200
949445;0;470
795130;475;0
795130;475;0
907248;0;750
330768;450;0
358485;0;481
1082696;556;0
797052;286;0
799939;0;244
802922;316;199
802711;260;0
802728;809;0
802728;809;0
802728;809;0
741205;0;850
784323;1211;0
805273;616;616
910483;800;605
951483;600;0
951483;600;0
1077918;1211;0
1092222;580;0
1120579;850;0
1120656;850;0
1213299;0;604.54
293549;718;647
348162;0;647
420907;0;536
479668;0;536
819719;536;0
838808;450;0
845982;435;0
317071;0;1529
327071;1529;1529
327071;1529;1529
339414;1529;0
339414;1529;0
361126;1000;1000
361126;1000;1000
375694;1529;0
376142;0;1529
382941;0;0
827287;1529;0
872481;1529;0
844892;490;0
329578;313;0
329578;313;0
332851;560;560
340146;560;560
340146;560;560
342994;760;760
348341;0;0
348341;0;0
355927;0;560
355927;0;560
336299;138;138
297101;0;600
297101;0;600
870738;250;0
281645;348;0
874010;868;868
283483;264;0
285126;264;NULL
285126;264;NULL
342986;300;300
336910;310;310
358201;310;0
358219;310;0
872452;205;0
638724;0;325
638724;0;325
735420;0;326
307884;0;450
530570;0;518
530570;0;518
987768;518;0
987874;518;0
326766;270;270
348253;0;270
995945;0;350
1003171;570;570
1001681;1770;0
1007375;0;935
653157;400;0
653157;400;0
653157;400;0
1015491;0;400
347299;350;0
347771;0;325
347771;0;325
360847;350;0
497254;0;350
1042930;320;0
1112794;0;0
1024630;0;138
1042464;138;0
336625;335;335
336625;335;335
336625;335;335
1033685;275;275
316043;380;NULL
316472;0;380
316622;380;0
316846;0;380
316928;380;NULL
317151;380;NULL
317832;380;0
329857;380;0
336554;380;380
356525;0;380
1033408;460;0
287578;525;NULL
1035656;580;360
289670;750;0
289670;750;0
300193;0;750
300795;830;0
300795;830;0
301371;750;0
347318;1120;0
355650;0;830
355650;0;830
375699;830;0
379599;1120;0
409926;1120;0
616481;343;0
741235;300;0
1043989;298;0
1047936;720;0
1048049;720;0
279406;632;632
282322;679;0
283462;632;0
285021;632;NULL
285861;632;0
288068;632;NULL
288763;0;632
290537;550;0
293589;679;632
294185;632;NULL
296062;632;NULL
296623;0;632
301921;679;0
308605;0;460
331028;0;632
332723;632;632
336780;679;679
348130;0;632
355880;0;550
359768;0;632
384779;550;0
389793;0;632
1052992;0;300
1055518;0;497
1057081;0;750
1063395;531;531
1200086;300;0
296832;300;300
1075926;1154;0
1076063;380;0
1076225;380;0
1077816;0;330
1077816;0;330
1079355;0;650
1079677;0;255
1079333;0;0
1081350;219;0
1081350;219;0
1083547;550;0
1083547;550;0
1088559;260;260
1112887;430;430
1112800;320;0
1112800;320;0
1007369;0;156
301665;500;400
301665;500;400
301665;500;400
340699;290;340
300080;0;460
300080;0;460
282967;750;0
332777;750;750
356615;0;750
356615;0;750
359776;0;750
1120529;0;250
1121517;540;505
298801;270;NULL
298801;270;NULL
302125;262;0
302125;262;0
328682;270;0
329335;400;0
329415;255;0
329630;0;400
344646;261;0
361757;0;270
361902;0;0
378329;0;400
279562;425;425
288278;0;500
288278;0;500
389872;0;500
389872;0;500
1126491;0;0
512100;0;675
512100;0;675
512100;0;675
512100;0;675
1127525;211;0
359817;0;361
523256;247;0
753459;0;247
753459;0;247
1231072;662;0
333065;240;0
336726;240;240
336726;240;240
1002908;0;753
1121466;0;613
1169600;726;726
354675;0;407
354675;0;407
361271;430;430
361271;430;430
363666;430;0
368129;510;0
368521;0;0
1169587;2000;0
1140904;0;0
816213;0;0
1177617;460;460
288812;0;450
285114;231;NULL
1224940;0;622
716147;400;0
1232579;700;0
1079371;0;605
287666;570;NULL
287666;570;NULL
287666;570;NULL
301339;0;570
301339;0;570
301339;0;570
361715;258;0
375677;491.6;0
397778;570;0
397778;570;0
397789;570;0
397789;570;0
1224969;222;0
1319732;40;0
1322108;157;0
316735;211;NULL